date,AI,DBSI,NDVI,NDWI,NDBI,NDSI,SAVI ,TGSI,SPI,Tmean
01/01/1990,0.033594884,0.102976496,0.016185897,-0.264504274,0.042145299,-0.161858974,0.010791453,0.166363248,0,15.38333333
01/02/1990,0.858962543,-0.027111111,0.243976191,-0.116706349,-0.065892857,-0.243976191,0.10031746,0.080428571,0,16.25
01/03/1990,0.043664253,-0.038177778,0.145794444,-0.2835,-0.024222222,-0.245794444,0.017041111,0.171566667,1.103953856,19.93333333
01/04/1990,0.056078603,0.109484848,0.119944444,-0.229060606,0.041080808,-0.119944444,0.086767677,0.15679798,1.055532986,27.2
01/05/1990,0.013029079,0.159555556,0.091021012,-0.261343254,0.079238095,-0.10210119,0.077640873,0.183299603,-0.503680213,34.46666667
01/06/1990,0.035423699,0.121333333,0.086746032,-0.20747619,0.050325397,-0.086746032,0.067920635,0.149095238,-0.71300103,34.96666667
01/07/1990,0.170213508,-0.014981481,0.053300926,-0.061087963,-0.040407407,-0.104730093,0.10458,0.037800926,-0.796459957,33.75
01/08/1990,0.079378801,0.024361111,0.185752525,-0.209282828,-0.03260101,-0.185752525,0.013920455,0.125386364,-0.78709599,32.86666667
01/09/1990,0.060826457,-0.001357143,0.205198413,-0.203428571,-0.066873016,-0.205198413,0.015430159,0.165738095,-0.669732384,31.31666667
01/10/1990,0.01,0.052183333,0.152188333,-0.087202778,-0.014386111,-0.1749,0.010408611,0.174169444,-0.47541219,25.1
01/11/1990,0.074524751,0.107894722,0.180744841,-0.258324802,0.009384325,-0.180144841,0.012429702,0.159219246,-0.024366064,21.05
01/12/1990,0.169250067,0.143972222,0.193527778,-0.277083333,0.069222222,-0.233527778,0.109069444,0.183666667,0.627381133,15.38333333
01/01/1991,0.006145329,0.149270833,0.064541667,-0.2665,0.035583333,-0.164541667,0.011329167,0.171958333,-0.326409001,13.13333333
01/02/1991,0.014829137,-0.064597222,0.081680556,-0.166527778,-0.10325,-0.081680556,0.061027778,0.029402778,-0.439502201,15.25
01/03/1991,0.006656816,0.004220238,0.049827381,-0.153755952,-0.056773809,-0.149827381,0.010258929,0.108690476,-1.801494663,20.61666667
01/04/1991,0.259198015,-0.012325833,0.139844444,-0.102288889,0.049844444,-0.139844444,0.094938889,0.17045,0.512933233,25.83333333
01/05/1991,0.072223604,0.118625,0.094125,-0.212333333,0.045270833,-0.094125,0.06925,0.152875,0.867784838,31.68333333
01/06/1991,0.027613319,0.1019375,0.0849825,-0.2589375,0.032479167,-0.124020833,0.063333333,0.170916667,0.628589548,35.2
01/07/1991,0.001504484,0.107415,0.084504444,-0.257761111,0.010305556,-0.117294444,0.089255556,0.158433333,-1.15688504,35.75
01/08/1991,0.004352614,0.104866667,0.160208333,-0.208291667,-0.012958333,-0.160208333,0.012075,0.1575,-2.431649033,32.83333333
01/09/1991,0.00221494,0.103321368,0.013634594,-0.263055556,-0.027175214,-0.197084402,0.010225491,0.156413462,-2.561056926,30.58333333
01/10/1991,0.04070482,0.066474747,0.161815152,-0.220555556,0.003893939,-0.182651515,0.094010101,0.158277778,-1.574826281,24.96666667
01/11/1991,0.01,0.092035714,0.012946611,-0.285733333,0.026928571,-0.161111111,0.078699603,0.161613095,-0.736261076,20.73333333
01/12/1991,0.071515583,0.012643434,0.094839394,-0.107061616,-0.027549495,-0.094839394,0.068013131,0.089670707,-0.378517482,16.41666667
01/01/1992,0.566796013,-0.093266667,0.093916667,-0.18625,0.033283333,-0.293916667,0.206801667,0.108683333,1.5257546,14.16666667
01/02/1992,0.129073839,0.060079365,0.173970238,-0.233740079,0.004936508,-0.173970238,0.12189881,0.157609127,1.355799413,16.05
01/03/1992,0.081914435,-0.07865,0.135261111,-0.256244445,-0.109461111,-0.135261111,0.010525,0.073672222,-1.072065135,20.6
01/04/1992,0.031282344,0.099466667,0.10865,-0.207316667,0.030833333,-0.10865,0.078983333,0.144333333,-0.035169608,25.63333333
01/05/1992,0.023861432,0.110898148,0.086342593,-0.19687037,0.03925,-0.086342593,0.066861111,0.159351852,-0.140408554,31.53333333
01/06/1992,0.001455842,0.118239316,0.08282906,-0.241044444,0.048363248,-0.116162393,0.064376068,0.159965812,-1.154881963,35.86666667
01/07/1992,0.208886196,0.077711111,0.104666667,-0.182122222,0.017288889,-0.104666667,0.208032778,0.151344444,-0.495134628,33.05
01/08/1992,0.671696352,-0.028527778,0.202388889,0.173,-0.082805556,-0.202388889,0.148541667,0.153722222,0.525124609,31.68333333
01/09/1992,0.641799825,-0.033590909,0.276520202,0.124254798,-0.086356061,-0.276520202,0.208641414,0.163588384,1.160702985,29.23333333
01/10/1992,0.002602558,0.102152525,0.021006566,-0.264467172,-0.037848485,-0.24339899,0.012315202,0.165169192,-1.304676873,25.95
01/11/1992,0.012808371,0.057694444,0.018227778,-0.239138889,-0.000833333,-0.282277778,0.088688889,0.151486111,-1.128861437,20.28333333
01/12/1992,0.008946269,0.109421978,0.011433669,-0.249471306,0.033206349,-0.255740537,0.073532723,0.150828449,-0.080583143,16.85
01/01/1993,0.160251395,0.069131313,0.14950505,-0.218545455,0.009979798,-0.14950505,0.104393939,0.150712121,0.0871486,13.61666667
01/02/1993,0.026755849,0.006529915,0.166271367,-0.172344017,-0.039988248,-0.166271367,0.01212468,0.12166453,-0.366457792,18.31666667
01/03/1993,0.184291372,-0.013395833,0.171125,-0.157083333,-0.062708333,-0.171125,0.124708333,0.093354167,0.162738298,19.93333333
01/04/1993,0.010778281,0.054583333,0.150125,-0.203666667,-0.011458333,-0.150125,0.010929167,0.1365,-0.128437178,28.13333333
01/05/1993,0.201208133,-0.013677083,0.107104167,-0.2434375,0.0579375,-0.107104167,0.108141667,0.1785625,0.890360565,34.1
01/06/1993,0.082631379,0.08918254,0.01020873,-0.190452381,0.006388889,-0.135420635,0.07752381,0.13034127,-0.324749099,34.88333333
01/07/1993,0.564607344,-0.06380202,0.143290909,0.120630909,-0.001620202,-0.143290909,0.10839899,0.157656566,1.20528016,32.56666667
01/08/1993,0.010023373,0.00885,0.182261111,-0.190544444,-0.046116667,-0.182261111,0.013982778,0.143055556,0.398156727,32.81666667
01/09/1993,0.006586922,0.162008,0.026893333,-0.260633333,-0.063033333,-0.268933333,0.01978,0.1634,-0.205925768,30.93333333
01/10/1993,0.002285219,0.106137374,0.229666667,-0.290469697,-0.003666667,-0.229666667,0.016632576,0.16969697,-1.43261284,26.35
01/11/1993,0.006442372,0.112033333,0.179837879,-0.291145455,0.040228788,-0.279837879,0.01238697,0.177301515,-0.620324153,22.08333333
01/12/1993,0.01,0.051904762,0.098513095,-0.189488095,-0.005420635,-0.238188095,0.0929,0.13303254,-0.23841814,16.31666667
01/01/1994,0.118749432,0.097200397,0.132053571,-0.228738095,0.039577381,-0.132053571,0.109007937,0.136607143,0.017615559,13.98333333
01/02/1994,0.077160442,0.006958333,0.185444444,-0.191986111,-0.046041667,-0.185444444,0.012626389,0.105986111,-0.098399787,15.31666667
01/03/1994,0.043077716,0.037589744,0.219005342,-0.256186966,-0.030286325,-0.219005342,0.01056391,0.155086538,-0.226412089,22.71666667
01/04/1994,0.031309882,0.068004274,0.124721154,-0.19233547,0.001413462,-0.124721154,0.092508547,0.132387821,-0.3106057,26.43333333
01/05/1994,0.043384218,0.146916667,0.100041667,-0.246604167,0.066416667,-0.100041667,0.075583333,0.179270833,-0.196333686,34.11666667
01/06/1994,0.009050218,0.126772222,0.098575,-0.225058333,0.050433333,-0.298575,0.076405556,0.175102778,-0.775455579,35.75
01/07/1994,0.407209114,-0.011139394,0.283242424,0.109327273,-0.049327273,-0.083242424,0.305813333,0.059266667,0.206343021,32.35
01/08/1994,0.220353662,-0.026762698,0.22291746,0.194978571,-0.071193651,-0.22291746,0.16894127,0.125261111,0.331355747,31.43333333
01/09/1994,0.201639223,-0.063312301,0.277416667,-0.213430159,-0.110834921,-0.277416667,0.2057,0.135173016,0.594106288,29.55
01/10/1994,0.02,0.039293803,0.017775171,-0.294476496,-0.028036325,-0.255600427,0.012752564,0.173166667,-0.11099327,25.26666667
01/11/1994,0.02184318,0.093855159,0.188928571,-0.282073413,0.023644841,-0.188928571,0.012788294,0.15744246,-0.323287233,22.13333333
01/12/1994,0.061565385,0.11025641,0.169179487,-0.278875458,0.028571429,-0.169179487,0.011185714,0.143542125,0.262169754,15.83333333
01/01/1995,0.088325225,0.083872222,0.19355,-0.276544444,0.009061111,-0.19355,0.012685,0.1256,0.216146375,13.43333333
01/02/1995,0.032445027,0.046,0.022694444,-0.272863248,-0.024782051,-0.226944444,0.015656838,0.12991453,-0.209397209,16.9
01/03/1995,0.022026775,0.044291667,0.025716667,-0.301166667,-0.037604167,-0.257166667,0.018266667,0.153958333,-0.629875596,20.36666667
01/04/1995,0.03900465,0.060865385,0.161316239,-0.22150641,-0.013145299,-0.161316239,0.011437073,0.113337607,-0.720106286,25.6
01/05/1995,0.027175983,0.164979167,0.132125,-0.296479167,0.0734375,-0.132125,0.097916667,0.1715625,-0.422193611,33.18333333
01/06/1995,0.16330826,0.155456349,0.117198413,-0.27218254,0.066287699,-0.117198413,0.089130952,0.168730159,0.430105069,35.58333333
01/07/1995,0.861625144,-0.090484127,0.217337302,0.206726191,0.003595238,-0.117337302,0.208221825,0.109019841,1.560480533,33.38333333
01/08/1995,0.282057864,-0.014879274,0.259319444,0.243899573,-0.07852671,-0.259319444,0.191082265,0.13770406,1.488794618,31.5
01/09/1995,0.00150217,0.103227778,0.18145,-0.283027778,-0.037472222,-0.25075,0.013428333,0.171916667,-1.076785133,30.3
01/10/1995,0.243451683,-0.021854701,0.236162393,0.25708547,-0.032564103,-0.236162393,0.162076923,0.147576923,0.225641089,26.65
01/11/1995,0.014579936,0.102611111,0.130025,-0.280444444,0.041194444,-0.17875,0.085822222,0.155194444,-0.036623085,19.55
01/12/1995,0.031541874,0.097791667,0.169791667,-0.266714286,0.035946429,-0.169791667,0.010971429,0.158458333,0.939168474,15.03333333
01/01/1996,0.098728167,0.011844444,0.02282,-0.238444444,-0.041188889,-0.2282,0.014886111,0.146833333,-0.184035549,12.93333333
01/02/1996,0.123433208,0.015875,0.115013889,-0.230277778,-0.039513889,-0.215013889,0.15,0.142319444,0.162827593,16.41666667
01/03/1996,0.134505276,-0.093833333,0.186175926,-0.092111111,-0.135435185,-0.186175926,0.135972222,0.061064815,0.112795737,22.35
01/04/1996,0.069879887,0.135472222,0.157416667,-0.292166667,0.056486111,-0.157416667,0.011047222,0.183569444,-0.289760764,28.06666667
01/05/1996,0.057717574,0.152314815,0.124321429,-0.277346561,0.071040344,-0.201243214,0.091705026,0.189433862,0.426646766,31.43333333
01/06/1996,0.322898221,-0.073144689,0.096640659,-0.169192308,0.006692308,-0.196640659,0.106962308,0.135225275,0.649351936,33.41666667
01/07/1996,0.019204833,0.023861905,0.175044048,-0.198190476,-0.031542857,-0.175044048,0.012927857,0.14294881,-0.035976258,32.73333333
01/08/1996,0.196827274,-0.007995238,0.208404762,-0.199688889,-0.062204762,-0.208404762,0.154944444,0.122879365,-0.356477565,31.8
01/09/1996,0.002155864,0.101159444,0.180294841,-0.251743651,-0.053471429,-0.240719841,0.013064405,0.157228571,-1.118468157,30.63333333
01/10/1996,0.066356538,0.06875119,0.221513095,-0.289302381,0.00067619,-0.221513095,0.014883095,0.168004762,-0.469305874,25.5
01/11/1996,0.02,0.125259259,0.013361944,-0.311935185,0.048351852,-0.187694444,0.087473148,0.170388889,-0.184000735,19.61666667
01/12/1996,0.002601783,0.123619048,0.015208452,-0.274813095,0.05410119,-0.252084524,0.010088571,0.158163095,-0.406863711,14.83333333
01/01/1997,0.082887081,0.082011905,0.017766601,-0.258857804,0.015128968,-0.177666005,0.011974008,0.143025794,-0.176110981,13.86666667
01/02/1997,0.010369946,0.065447619,0.020260952,-0.267363492,-0.003479365,-0.202609524,0.014110794,0.15884127,-0.650865783,16.68333333
01/03/1997,0.045099373,-0.031806061,0.154385859,-0.122020202,-0.08050505,-0.154385859,0.011436263,0.058652525,-0.582892735,20.98333333
01/04/1997,0.046245559,0.019334524,0.093905952,-0.112652381,-0.051769048,-0.193905952,0.059820238,0.084882143,-0.498865049,27.05
01/05/1997,0.218977507,-0.014604167,0.117486111,0.263027778,0.068583333,-0.117486111,0.108631944,0.171055556,0.813986521,30.05
01/06/1997,0.194496668,0.107792857,0.125969841,-0.233138889,0.034988889,-0.125969841,0.109458651,0.146586508,1.164736954,33.18333333
01/07/1997,0.172638674,0.025212843,0.144627705,-0.169570707,-0.027677489,-0.144627705,0.113350649,0.113604618,0.654629086,33.59171569
01/08/1997,0.016996698,-0.007509848,0.020964773,-0.201162879,-0.058815152,-0.209647727,0.015560833,0.122178788,-0.258600188,32.36449755
01/09/1997,0.111106197,-0.010352273,0.187827273,-0.253984091,-0.072428788,-0.264872727,0.13690303,0.157731061,-0.577410211,30.78362745
01/10/1997,0.660282272,-0.013177778,0.216061111,-0.201777778,-0.069588889,-0.416061111,0.145722222,0.114288889,0.719374786,25.54522059
01/11/1997,0.066862264,0.036173148,0.199632407,-0.235082407,-0.013527778,-0.199632407,0.013214907,0.127777778,-0.309969541,20.08383228
01/12/1997,0.032241015,0.024916667,0.09825,-0.122291667,-0.004083333,-0.19825,0.069833333,0.058041667,2.013344356,13.65
01/01/1998,0.025882351,0.062077778,0.136662626,-0.198257576,0.020334344,-0.136662626,0.09269697,0.108406061,0.041393134,13.35
01/02/1998,0.141935036,0.036795238,0.186919048,-0.22242381,-0.014584127,-0.186919048,0.125479365,0.107607937,0.006099859,16.51666667
01/03/1998,0.048960844,-0.02375,0.194787037,-0.170138889,-0.065740741,-0.194787037,0.01355,0.09212037,-0.234956261,20.66666667
01/04/1998,0.07875031,0.100119048,0.013403929,-0.233464286,0.024082143,-0.134039286,0.089084524,0.148491667,-0.11636048,29.15
01/05/1998,0.035336824,0.115475469,0.011049206,-0.225282828,0.038847042,-0.110492063,0.079589466,0.167029582,-0.03943227,33.11666667
01/06/1998,0.109590838,0.125856818,0.097798485,-0.223262121,0.056077273,-0.097798485,0.107384545,0.162294697,-0.092993968,34.85
01/07/1998,0.160498593,0.025430556,0.132847222,-0.157736111,-0.024444444,-0.132847222,0.10075,0.106444444,-0.29765445,34.26666667
01/08/1998,0.068676916,0.017630291,0.019725661,-0.214234788,-0.038101852,-0.197256614,0.014728439,0.143925926,-0.499678413,33.71666667
01/09/1998,0.293536014,-0.002227273,0.255328283,-0.256853535,-0.056510101,-0.255328283,0.186984848,0.151888889,-0.043399198,30.48333333
01/10/1998,0.052386376,0.034133333,0.229033333,-0.262566667,-0.022991667,-0.229033333,0.015966667,0.148133333,-0.298717718,27.5
01/11/1998,0.01,0.108884722,0.014697778,-0.292111111,0.029555556,-0.204152778,0.098788889,0.149680555,-0.732660229,21.03333333
01/12/1998,0.01,0.101942308,0.105803663,-0.244908425,0.046076923,-0.143465202,0.095020147,0.144119506,-0.340632637,14.9
01/01/1999,0.289605446,-0.0821875,0.161583333,0.104155833,-0.107729167,-0.061583333,0.103983333,0.044391667,0.424600707,12.66666667
01/02/1999,0.169028721,0.019125,0.225416667,-0.2441875,-0.030770833,-0.225416667,0.153145833,0.133875,0.602604904,17.2
01/03/1999,0.017898274,-0.029816667,0.14875,-0.218116667,-0.078466667,-0.24875,0.016931667,0.0997,-0.281836082,22.35
01/04/1999,0.01,0.145458333,0.147458333,-0.2921875,0.068395833,-0.147458333,0.010335417,0.17775,-0.445289166,29.53333333
01/05/1999,0.03406104,0.144213675,0.096426282,-0.23996688,0.069176282,-0.096426282,0.072523504,0.158674145,-0.768108535,33.98333333
01/06/1999,0.098780633,0.073004329,0.077528139,-0.150350649,0.011270563,-0.077528139,0.057800866,0.113676407,-0.316261636,34.9
01/07/1999,0.145718682,0.063736111,0.140491667,-0.203583333,0.003683333,-0.140491667,0.105944444,0.145580556,-0.262487397,33.98333333
01/08/1999,0.193557053,-0.003655983,0.228646367,-0.224739316,-0.058626068,-0.228646367,0.173739316,0.149215812,-0.110606264,31.9
01/09/1999,0.005736129,0.05272619,0.14964881,-0.259196429,-0.016642857,-0.20702381,0.0110575,0.173964286,-0.394153319,31.46666667
01/10/1999,0.02,0.108863095,0.146589683,-0.288081349,0.01893254,-0.200396825,0.010148849,0.165335318,-0.416326804,27.6
01/11/1999,0.01,0.140708333,0.111973611,-0.290958333,0.068111111,-0.151236111,0.010452778,0.167208333,-0.978385184,21.56666667
01/12/1999,0.01,0.110886905,0.134672619,-0.244988095,0.051886905,-0.134672619,0.09125,0.143315476,-0.874613823,16.03333333
01/01/2000,0.15469994,0.06349495,0.212338384,-0.275176768,0.006156566,-0.212338384,0.139151515,0.156984848,0.137271551,13.13333333
01/02/2000,0.173939246,0.0152,0.267477778,-0.282444444,-0.048733333,-0.267477778,0.182544444,0.152988889,0.313584015,15
01/03/2000,0.01,0.102876124,0.1956541,-0.257085979,-0.038249338,-0.228987434,0.011796164,0.159277778,-0.13462243,21.28333333
01/04/2000,0.003046825,0.137644444,0.011428889,-0.266722222,0.058077778,-0.296555556,0.094344444,0.1727,-0.683962332,30.78333333
01/05/2000,0.01,0.151520833,0.085041667,-0.236125,0.0728125,-0.118375,0.0665625,0.166645833,-2.051033687,35.91666667
01/06/2000,0.021358885,0.11912963,0.07512963,-0.194055555,0.051222222,-0.07512963,0.05912963,0.152425926,-1.983828445,35.9
01/07/2000,0.264256921,-0.013944444,0.099969697,0.138853535,-0.015429293,-0.099969697,0.107759596,0.064176768,-0.396728528,33.55
01/08/2000,0.049669797,0.102799603,0.19685119,-0.224319444,-0.030029762,-0.19685119,0.015062302,0.146240079,-0.476112634,32.93333333
01/09/2000,0.003617893,0.150225218,0.01450127,-0.227553571,-0.03659127,-0.205376984,0.011039167,0.151061508,-0.451035263,30.95
01/10/2000,0.01,0.109506349,0.150400794,-0.278027778,0.022892857,-0.183734127,0.012861905,0.173587302,-1.246172022,27.76666667
01/11/2000,0.01,0.109616667,0.116372222,-0.245147222,0.031555556,-0.149705556,0.010160556,0.14745,-1.026908719,21.23333333
01/12/2000,0.008140515,0.104374039,0.010092308,-0.14417094,0.001240385,-0.100923077,0.069891026,0.101252137,-0.546416399,16.13333333
01/01/2001,0.020904133,0.106441111,0.101422222,-0.165155556,0.025911111,-0.101422222,0.073966667,0.102477778,-1.044627744,12.58333333
01/02/2001,0.025944259,0.044802351,0.194975427,-0.239211538,-0.014221154,-0.194975427,0.013577671,0.139573718,-0.987031581,16.51666667
01/03/2001,0.036474925,0.105958889,0.182877778,-0.123111111,-0.110066667,-0.182877778,0.013018889,0.093077778,-1.048749877,22.3
01/04/2001,0.079114783,0.125980159,0.012203571,-0.24797619,0.049777778,-0.122035714,0.089095238,0.170333333,-0.12211931,28.33333333
01/05/2001,0.097787575,0.126027778,0.07549359,-0.20141453,0.050809829,-0.07549359,0.059130342,0.157762821,-0.432540172,35
01/06/2001,0.137045697,0.079503968,0.092948413,-0.172253968,0.018686508,-0.092948413,0.107236905,0.125849206,-0.448578238,34.58333333
01/07/2001,0.401044188,-0.020641667,0.151772222,0.217138611,-0.028436111,-0.151772222,0.116547222,0.091091667,-0.740802984,33.26666667
01/08/2001,0.151508573,-0.000805556,0.254911616,-0.253457071,-0.049209596,-0.254911616,0.192886364,0.145300505,-0.487722843,32.45
01/09/2001,0.00540601,0.101696368,0.019423718,-0.277517094,-0.043517094,-0.260903846,0.014008162,0.158786325,-0.188433959,30.83333333
01/10/2001,0.01,0.105018175,0.135019444,-0.216090873,0.006393254,-0.168352778,0.010210103,0.11755754,-0.304488851,27.58333333
01/11/2001,0.01,0.101783333,0.019636111,-0.297461111,0.032561111,-0.196361111,0.096286111,0.167477778,-0.982160626,21.68333333
01/12/2001,0.012339659,0.075666667,0.130166667,-0.205041667,0.024479167,-0.130166667,0.08975,0.120979167,-0.223865312,16.75
01/01/2002,0.02432645,0.115833333,0.1313,-0.246311111,0.033644444,-0.1313,0.0876,0.157033333,-0.66672085,13.75
01/02/2002,0.009511052,0.073793651,0.218142857,-0.290809524,-0.015380952,-0.218142857,0.01494881,0.169873016,-1.138338119,16.31666667
01/03/2002,0.051194137,0.077996296,0.190685185,-0.268631481,-0.018237037,-0.190685185,0.014164444,0.149112963,-0.896320205,23.03333333
01/04/2002,0.011733102,0.119055556,0.156,-0.274861111,0.027666667,-0.156,0.010730556,0.16775,-0.859926627,30.48333333
01/05/2002,0.047499624,0.17868254,0.083563492,-0.26206746,0.077825397,-0.083563492,0.06518254,0.18172619,-0.473686263,35.78333333
01/06/2002,0.025304987,0.114356422,0.087805916,-0.201950217,0.045234488,-0.087805916,0.069697691,0.153964647,-1.058963804,36.55
01/07/2002,0.01,0.109563704,0.101662963,-0.197138889,0.020814815,-0.101662963,0.080196296,0.143688889,-1.712847975,35.08333333
01/08/2002,0.008755579,0.10625,0.013558333,-0.197666667,-0.028583333,-0.235583333,0.095166667,0.13875,-2.374038937,33.91666667
01/09/2002,0.096595519,0.086027778,0.170472222,-0.256305556,0.002805556,-0.170472222,0.013127778,0.16725,-1.402589994,30.85
01/10/2002,0.00228653,0.107708333,0.171583333,-0.248166667,0.0095,-0.171583333,0.012391667,0.130166667,-0.887204802,26.26666667
01/11/2002,0.040612444,0.104,0.181666667,-0.284,0.021333333,-0.181666667,0.012766667,0.16,-0.168396111,21.7
01/12/2002,0.029790114,0.131416667,0.121333333,-0.252083333,0.056208333,-0.121333333,0.081541667,0.137,-0.326678308,16.68333333
01/01/2003,0.006013662,0.108391667,0.015155556,-0.234638889,0.016472222,-0.151555556,0.010244444,0.12975,-0.188677608,13.18333333
01/02/2003,0.343447634,-0.033288889,0.186288889,0.219022222,-0.034733333,-0.186288889,0.135911111,0.131644444,0.630019375,15.81666667
01/03/2003,0.01239919,0.032088889,0.022599074,-0.257596296,-0.046148148,-0.225990741,0.016677037,0.157038889,-0.122968128,21.63333333
01/04/2003,0.0034965,0.181388889,0.114083333,-0.295361111,0.0775,-0.114083333,0.085027778,0.189083333,0.169681989,29.33333333
01/05/2003,0.012910453,0.145766667,0.079633333,-0.225011111,0.049333333,-0.079633333,0.056733333,0.162122222,-1.131514879,33
01/06/2003,0.100423174,0.163577778,0.096858333,-0.260186111,0.063416667,-0.096858333,0.107088056,0.175602778,-0.341056829,36.41666667
01/07/2003,0.446084129,-0.019,0.1155,0.209533333,-0.077666667,-0.1155,0.20715,0.070666667,0.524724947,33.15
01/08/2003,0.545468923,-0.018787879,0.18299697,-0.201217172,-0.047017172,-0.18299697,0.140279798,0.131212121,0.996089815,32.75
01/09/2003,0.170381732,-0.025716667,0.299655556,-0.273766667,-0.092522222,-0.299655556,0.226494444,0.1473,0.926064535,30.85
01/10/2003,0.01,0.1016,0.163861111,-0.238916667,-0.039761111,-0.224011111,0.016003889,0.117666667,0.789564846,26.73333333
01/11/2003,0.003404022,0.112377778,0.189761111,-0.301055556,0.026238889,-0.189761111,0.012728333,0.164594445,-0.017807674,19.93333333
01/12/2003,0.01,0.107779167,0.142416667,-0.219333333,0.017958333,-0.142416667,0.095333333,0.114625,-0.614080034,16.01666667
01/01/2004,0.389312664,-0.036391414,0.216638889,-0.252121212,-0.027209596,-0.216638889,0.144270202,0.130893939,0.723908229,14
01/02/2004,0.018022576,0.059952381,0.165216931,-0.224306878,-0.012560846,-0.165216931,0.012143386,0.124433863,-0.239022613,17.53333333
01/03/2004,0.01,0.052916667,0.259888889,-0.311666667,-0.034138889,-0.259888889,0.017822222,0.169444444,-0.278352724,25.01666667
01/04/2004,0.018469645,0.106688889,0.112755556,-0.219194444,0.012494444,-0.112755556,0.082388889,0.158861111,-1.563582608,31.51666667
01/05/2004,0.015743987,0.164512821,0.081431624,-0.245619658,0.068192308,-0.081431624,0.062888889,0.168995726,-1.279210482,34.33333333
01/06/2004,0.159159108,0.135240385,0.048846154,-0.183875,0.046705128,-0.048846154,0.103147436,0.142612179,-0.162044373,35.13333333
01/07/2004,0.001573898,0.104336538,0.132511752,-0.236525641,0.020306624,-0.132511752,0.010193697,0.157742521,-0.79456922,34.76666667
01/08/2004,0.160347094,-0.011593651,0.178687301,-0.166754762,-0.07286746,-0.178687301,0.135327381,0.126283333,-0.456215317,32.88333333
01/09/2004,0.002087088,0.033333333,0.022995833,-0.2629375,-0.042833333,-0.229958333,0.017108333,0.154645833,-1.122690618,31.3
01/10/2004,0.0069379,0.092752564,0.020784615,-0.300076923,0.010587821,-0.207846154,0.014564551,0.165030128,-0.367113753,24.5
01/11/2004,0.01,0.093616667,0.147533333,-0.240416667,0.027233333,-0.147533333,0.099783333,0.12365,-0.884735555,21.8
01/12/2004,0.213803292,0.131444444,0.133661616,0.126442424,0.052611111,-0.133661616,0.109040909,0.154186869,0.478596752,16.98333333
01/01/2005,0.115855092,0.0713125,0.181104167,-0.251583333,-0.002145833,-0.181104167,0.120208333,0.14575,0.53997166,12.51666667
01/02/2005,0.563685421,-0.07922619,0.204380952,-0.283059524,-0.003130952,-0.204380952,0.14497619,0.16147619,1.482103482,14.78333333
01/03/2005,0.197032216,0.002294697,0.239143939,-0.240552273,-0.073574242,-0.239143939,0.166208333,0.147143939,1.21242245,21.93333333
01/04/2005,0.005616187,0.150323232,0.015518434,-0.304712121,0.049477273,-0.155184344,0.011012626,0.187762626,-1.024178931,27.8
01/05/2005,0.029498763,0.158652778,0.074595085,-0.232994658,0.055159188,-0.074595085,0.048871795,0.179601496,-1.069656725,31.75
01/06/2005,0.028862955,0.074076923,0.071247863,-0.144811966,-0.007470085,-0.071247863,0.049089744,0.140102564,-1.180599314,35.86666667
01/07/2005,0.134823157,0.032206349,0.152861111,-0.183821429,-0.03575,-0.152861111,0.10740873,0.125920635,-0.634442049,33.96666667
01/08/2005,0.01,0.104037393,0.207247863,-0.247095085,-0.034551282,-0.207247863,0.015590705,0.160388889,-1.071723267,33.21666667
01/09/2005,0.283711527,-0.00895,0.269922222,0.260305556,-0.075177778,-0.269922222,0.191561111,0.137655556,-0.327738499,30.2
01/10/2005,0.01,0.105941667,0.168858333,-0.296145833,-0.019729167,-0.237333333,0.012056042,0.162520833,-0.066251354,26.66666667
01/11/2005,0.008294909,0.1031875,0.011820833,-0.253875,0.030458333,-0.151541667,0.07243125,0.136125,-0.587625015,20.88333333
01/12/2005,0.01,0.127975,0.094461111,-0.254913889,0.048294444,-0.127794444,0.066347223,0.148002778,-0.52158959,14.46666667
01/01/2006,0.043189995,0.130907407,0.156444444,-0.286342593,0.041472222,-0.156444444,0.010575926,0.176675926,-0.692480423,13.16666667
01/02/2006,0.01,0.100717407,0.110681481,-0.150674074,-0.052762963,-0.144014815,0.010901481,0.111174074,-1.481517669,20.08333333
01/03/2006,0.181842942,0.073646465,0.25239899,-0.32520202,-0.022530303,-0.25239899,0.170828283,0.178742424,0.152515094,22
01/04/2006,0.035655332,0.175279762,0.107678571,-0.282625,0.074511905,-0.107678571,0.078630952,0.183958333,-0.210004913,29.88333333
01/05/2006,0.013421626,0.171083333,0.078666667,-0.2495,0.075833333,-0.078666667,0.060708333,0.174270833,-0.32803309,36
01/06/2006,0.172843254,0.143425926,0.095185185,-0.237981482,0.056453704,-0.095185185,0.10717037,0.163083333,0.230823105,34.21666667
01/07/2006,0.069553051,0.078425926,0.091011111,-0.169322222,-0.007562963,-0.091011111,0.0631,0.149044445,-0.382942643,34.73333333
01/08/2006,0.272707052,-0.04534127,0.273293651,0.227357143,-0.101134921,-0.273293651,0.205150794,0.125595238,0.061185005,32.36666667
01/09/2006,0.014851217,0.003904762,0.025335357,-0.256563095,-0.070990476,-0.253353571,0.018392183,0.150935714,-0.420090792,30.6
01/10/2006,0.01,0.104451786,0.225488889,-0.269168651,-0.024874603,-0.225488889,0.016087857,0.145872222,-0.144648889,27.75
01/11/2006,0.039923106,0.080138889,0.179555556,-0.258222222,0.011898148,-0.179555556,0.012032407,0.13737037,-0.31920089,21.58333333
01/12/2006,0.266992677,-0.09090754,0.147359921,0.237267063,0.024218651,-0.147359921,0.109778611,0.131087301,0.942209051,15.2
01/01/2007,0.01,0.10450463,0.203601852,-0.247333333,-0.017287037,-0.203601852,0.013718519,0.135611111,-0.764883026,14.45
01/02/2007,0.475005049,-0.010827778,0.283261111,0.2715,-0.080566667,-0.283261111,0.197911111,0.1387,1.376315812,17.3
01/03/2007,0.200558218,-0.014369444,0.272430556,0.286083333,-0.066444444,-0.272430556,0.190544444,0.161466667,1.227893409,21.25
01/04/2007,0.020608331,0.141733333,0.154911111,-0.296233333,0.043572222,-0.154911111,0.074853333,0.184316667,-0.214075871,31.16666667
01/05/2007,0.001373203,0.170009259,0.010051481,-0.269642592,0.072653704,-0.100514815,0.075748148,0.178981482,-0.16576073,34.31666667
01/06/2007,0.390854304,-0.144125,0.085733333,0.229444444,0.051580556,-0.085733333,0.062177778,0.167461111,0.548968968,34.98333333
01/07/2007,0.224669993,-0.079674603,0.145539682,0.224452381,0.005821429,-0.145539682,0.110111111,0.148,0.707299333,33.85
01/08/2007,0.10132667,0.010722222,0.229611111,-0.239240741,-0.056962963,-0.229611111,0.17,0.144611111,0.577631059,33.11666667
01/09/2007,0.111093163,0.020402778,0.256522222,-0.276391667,-0.053955556,-0.256522222,0.191030556,0.159797222,-0.229806618,31.41666667
01/10/2007,0.01,0.104051667,0.188238889,-0.295030556,-0.039186111,-0.254905556,0.012583889,0.166738889,-0.259337675,26.28333333
01/11/2007,0.01,0.108917778,0.1736,-0.262044444,0.020277778,-0.1736,0.087646667,0.132133333,-0.258589675,22.18333333
01/12/2007,0.060326044,0.088594444,0.130152778,-0.217472222,0.025080556,-0.130152778,0.086319444,0.120602778,-0.147948181,14.96666667
01/01/2008,0.116340626,0.060746032,0.177666667,-0.237253968,-0.007134921,-0.177666667,0.121849206,0.135888889,0.207084501,11.9
01/02/2008,0.064280839,0.04277381,0.213154762,-0.254702381,-0.03652381,-0.213154762,0.014125,0.149130953,-0.026955335,14.63333333
01/03/2008,0.002081536,0.103468376,0.257431624,-0.290854701,-0.047965812,-0.257431624,0.017830769,0.160175214,-0.619902936,24.65
01/04/2008,0.103144336,0.126520635,0.119427778,-0.245705952,0.032888095,-0.119427778,0.108217262,0.165547619,-0.109572979,27.95
01/05/2008,0.060706999,0.16125,0.093958333,-0.255,0.066270833,-0.093958333,0.071458333,0.173583333,-0.230933037,33.38333333
01/06/2008,0.147893257,-0.039222222,0.072866667,-0.035527778,-0.1385,-0.021583333,0.101527778,0.100722222,0.609138795,34.85
01/07/2008,0.132853147,0.010416667,0.16725,-0.177583333,-0.042,-0.16725,0.126916667,0.117583333,-0.221813545,34.23333333
01/08/2008,0.539196892,-0.069083333,0.154611111,0.213323889,-0.120833333,-0.154611111,0.309761111,0.095055556,0.527438812,31.85
01/09/2008,0.085454966,0.106017677,0.292843434,-0.286426768,-0.074669192,-0.292843434,0.021537879,0.157969697,-0.31354011,30.18333333
01/10/2008,0.01,0.104011343,0.15400463,-0.250689815,-0.036483796,-0.212150463,0.010533819,0.147458333,-0.646011037,28.25
01/11/2008,0.01,0.110036508,0.17695,-0.286047222,0.027137301,-0.17695,0.084516349,0.155114286,-0.18146124,21.15
01/12/2008,0.607338715,-0.058429293,0.127853535,0.218477778,-0.010313131,-0.127853535,0.208499495,0.128520202,1.245150348,16.61666667
01/01/2009,0.415561893,-0.030935606,0.251878788,0.281599747,-0.031041667,-0.251878788,0.162329545,0.140554293,1.861259984,14.58333333
01/02/2009,0.048796764,-0.0252,0.027416667,-0.2488,-0.099422222,-0.274166667,0.019466667,0.134233333,1.619331959,17.66666667
01/03/2009,0.087585604,0.029408832,0.024495299,-0.273042735,-0.049091168,-0.244952992,0.016673789,0.152923077,-0.740716255,22.51666667
01/04/2009,0.029618457,0.148277778,0.121952381,-0.269968254,0.057412698,-0.121952381,0.088920635,0.170293651,-0.19688387,28.2
01/05/2009,0.008262173,0.166958333,0.097854167,-0.264520833,0.072,-0.097854167,0.072541667,0.176541667,-0.204932462,34.31666667
01/06/2009,0.048685579,0.14296398,0.1156221,-0.258019536,0.051831502,-0.1156221,0.087733822,0.177567155,-0.712734766,33.78333333
01/07/2009,0.317679941,-0.037037037,0.154981482,0.19087037,-0.028666667,-0.154981482,0.10962963,0.125444444,0.072924333,33.93333333
01/08/2009,0.0799469,-0.001375,0.233583333,-0.231458333,-0.064916667,-0.233583333,0.017333333,0.138208333,-0.02604364,33.23333333
01/09/2009,0.182785126,0.034479167,0.256104167,-0.28975,-0.042,-0.256104167,0.185020833,0.165083333,0.180813614,30.93333333
01/10/2009,0.01,0.107628333,0.154783333,-0.263291667,0.004816667,-0.188116667,0.013100833,0.141508333,-0.131800404,25.88333333
01/11/2009,0.003586521,0.105204318,0.090808333,-0.142087121,0.003828788,-0.090808333,0.062775,0.079147727,-0.254687094,20.11666667
01/12/2009,0.006905985,0.10995,0.165166667,-0.263814815,0.023611111,-0.165166667,0.010674074,0.149925926,-0.490882904,16.03333333
01/01/2010,0.037410113,0.040571429,0.158174603,-0.19809127,-0.020646825,-0.158174603,0.010989683,0.122765873,-0.795507687,12.73333333
01/02/2010,0.04133307,0.008530556,0.284258333,-0.292363889,-0.073361111,-0.284258333,0.020070556,0.153905556,-0.695476338,16.83333333
01/03/2010,0.00640838,0.107204722,0.230715476,-0.302377778,-0.018113492,-0.230715476,0.015726944,0.16993254,-1.041539343,25.13333333
01/04/2010,0.009083205,0.185479798,0.109873737,-0.294924242,0.076712121,-0.109873737,0.081414141,0.193818182,-1.127796897,31.8
01/05/2010,0.026680941,0.159527472,0.080062271,-0.238838828,0.060959707,-0.080062271,0.05867033,0.174860806,-0.866826195,34.51666667
01/06/2010,0.087587124,0.137544444,0.098060318,-0.235071429,0.049201587,-0.098060318,0.073342857,0.166531746,-0.278953487,34.18333333
01/07/2010,0.180321002,0.058576923,0.111230769,-0.168747863,-0.013978633,-0.111230769,0.108161538,0.131764957,-0.191414506,33.7
01/08/2010,0.935670343,-0.056861111,0.294138889,0.323713889,-0.114722222,-0.294138889,0.222916667,0.144083333,0.923033789,31.63333333
01/09/2010,0.050173674,-0.061451948,0.021677662,-0.154687446,-0.12625368,-0.216776623,0.01470355,0.123052814,0.79086118,30.23333333
01/10/2010,0.011720731,0.04117094,0.018256517,-0.289538462,-0.030340812,-0.249231838,0.017507692,0.156211538,1.023102544,27.81666667
01/11/2010,0.01,0.101820635,0.256503968,-0.273595238,-0.050384921,-0.256503968,0.016852381,0.139714286,-0.161540041,20.88333333
01/12/2010,0.047571227,0.092767857,0.17652381,-0.268315476,0.017875,-0.17652381,0.012047024,0.145672619,-0.158036061,14.3
01/01/2011,0.01,0.102484722,0.078477778,-0.166638889,-0.026666667,-0.142777778,0.096861111,0.074986111,-0.569012703,11.63333333
01/02/2011,0.172156625,0.1164,0.157333333,0.273233333,0.029466667,-0.157333333,0.112033333,0.161566667,0.041669948,16.31666667
01/03/2011,0.026115796,0.043666667,0.028002381,-0.323428571,-0.048327381,-0.28002381,0.019291667,0.174196429,-0.293777845,22.41666667
01/04/2011,0.087143434,0.13377672,0.017083598,-0.303996825,0.038630688,-0.170835979,0.011745503,0.18178201,0.282907265,27.33333333
01/05/2011,0.023714844,0.163283333,0.109516667,-0.272316667,0.069166667,-0.109516667,0.081645833,0.177833333,-0.149391563,35.05
01/06/2011,0.112658378,0.10860101,0.100121212,-0.208360029,0.028098124,-0.100121212,0.107372439,0.147864358,-0.486180304,35.53333333
01/07/2011,0.096109246,0.104506944,0.011002083,-0.213222222,0.024993056,-0.110020833,0.080361111,0.152409722,-0.799335365,34.05
01/08/2011,0.476022841,-0.016833333,0.270766667,-0.286916667,-0.060233333,-0.270766667,0.201483333,0.163083333,0.150708683,32.41666667
01/09/2011,1.192261786,-0.106,0.262577381,0.315463095,-0.160654762,-0.262577381,0.190160714,0.11210119,1.262955793,29.81666667
01/10/2011,0.002409911,0.029319444,0.022076528,-0.334354167,-0.047319444,-0.305777778,0.021328009,0.170856481,-1.589863019,27.18333333
01/11/2011,0.016023129,0.076035714,0.016409286,-0.30347619,0.004083333,-0.228642857,0.015408333,0.148527778,-0.714984435,22.8
01/12/2011,0.004187839,0.10748125,0.018019167,-0.254541667,0.0123125,-0.180191667,0.012125417,0.126033333,-0.3145065,15.36666667
01/01/2012,0.058263402,0.033370455,0.015359697,-0.185743182,-0.025019697,-0.15359697,0.010751742,0.107312879,-0.273774169,12.81666667
01/02/2012,0.039465527,0.032208791,0.021841392,-0.2496337,-0.046868132,-0.218413919,0.015241026,0.152981685,-0.635183037,14.48333333
01/03/2012,0.002299153,0.100119979,0.0235,-0.202333333,-0.06432906,-0.204099359,0.015226496,0.122900641,-1.034095917,21.48333333
01/04/2012,0.109805931,0.127952381,0.154702381,-0.28214881,0.033422619,-0.154702381,0.108922619,0.17572619,-0.094932115,27.95
01/05/2012,0.00853359,0.160763889,0.012105662,-0.281367521,0.064808761,-0.121056624,0.090675214,0.181470085,-0.110461168,33.33333333
01/06/2012,0.021758628,0.101996795,0.210265385,-0.204214744,0.019911325,-0.102653846,0.077096154,0.147654915,-0.301803277,35.23333333
01/07/2012,0.11762411,0.084366667,0.143613889,-0.227625,0.004705556,-0.143613889,0.109322222,0.156088889,-0.939571159,34.88333333
01/08/2012,0.284892844,-0.038454365,0.166242063,0.12685119,-0.09919246,-0.166242063,0.11214881,0.113998016,-0.23177279,32.63333333
01/09/2012,1.262631763,-0.022547619,0.399047619,-0.275517857,-0.084339286,-0.299047619,0.217375,0.141541667,1.182338203,30.33333333
01/10/2012,0.047740319,0.026979167,0.0280475,-0.306679167,-0.039254167,-0.280475,0.019481667,0.1493,-0.552197257,25.13333333
01/11/2012,0.01,0.107096581,0.015087692,-0.276852137,0.008305128,-0.206469231,0.013770256,0.132571795,-0.776547143,21.18333333
01/12/2012,0.039243941,0.078797619,0.2564,-0.25146627,0.010678571,-0.173964286,0.01131131,0.136043651,-0.271759667,15.33333333
01/01/2013,0.009010037,0.040171703,0.110686951,-0.183110348,-0.00609707,-0.143677198,0.096404762,0.090399725,-0.833410178,13
01/02/2013,0.742667493,-0.03215,0.342666667,0.321021667,-0.09325,-0.242666667,0.169233333,0.130866667,1.474213689,16.51666667
01/03/2013,0.119546446,0.015854167,0.292541667,-0.307875,-0.059854167,-0.292541667,0.203020833,0.15825,1.435376833,22.53333333
01/04/2013,0.03181788,0.071583333,0.14806349,-0.218924603,-0.011329365,-0.148063492,0.097186508,0.152178571,-1.417391842,27.95
01/05/2013,0.008333134,0.152555555,0.012107407,-0.273492063,0.061137566,-0.121074074,0.089285714,0.172769841,-0.141347124,33.63333333
01/06/2013,0.146605982,0.106639815,0.102762963,-0.209877778,0.022875,-0.102762963,0.106978796,0.150887037,0.022066667,35
01/07/2013,0.200781972,0.035222222,0.189333333,0.223388889,-0.0314,-0.189333333,0.141544444,0.143477778,0.035596394,34.93333333
01/08/2013,0.292384425,-0.039476191,0.215095238,0.174613095,-0.103267857,-0.215095238,0.154369048,0.129214286,0.339257948,32.4
01/09/2013,0.010286509,0.002559829,0.02053359,-0.273665812,-0.070700855,-0.272002564,0.019556068,0.157513675,-0.139156347,31.45
01/10/2013,0.01,0.104796759,0.017877083,-0.258599537,-0.015168981,-0.212104167,0.014835417,0.128428241,-0.116348928,28.58333333
01/11/2013,0.043736934,0.10752381,0.018005952,-0.286720238,0.034619048,-0.180059524,0.01215119,0.143244048,-0.371909619,20.7
01/12/2013,0.01,0.076190476,0.015076349,-0.226157143,0.014242857,-0.150763492,0.09937619,0.125401587,-0.016245142,15.78333333
01/01/2014,0.004504229,-0.023075,0.025823889,-0.234294444,-0.082580556,-0.258238889,0.169822222,0.165041667,-0.78474841,13
01/02/2014,0.18315839,-0.046001068,0.29752671,-0.251002137,-0.099600427,-0.29752671,0.205791667,0.163636752,-0.099603609,15.5
01/03/2014,0.079999674,0.039642247,0.124825824,-0.207747863,-0.103507937,-0.248258242,0.175352259,0.1657558,-0.080279142,19.91666667
01/04/2014,0.111073362,0.124354167,0.1879375,-0.3118125,0.034395833,-0.1879375,0.1295,0.195104167,0.464590666,27.96666667
01/05/2014,0.134492608,0.079375,0.135208333,-0.214229167,0.001166667,-0.135208333,0.100041667,0.1731875,0.88687548,32.2
01/06/2014,0.054126564,0.101958333,0.016439583,-0.266229167,0.025916667,-0.164395833,0.125458333,0.186083333,-0.550017263,36.03333333
01/07/2014,0.090382563,0.016583333,0.0219875,-0.236104167,-0.042104167,-0.219875,0.1686875,0.169333333,-0.210800434,34.51666667
01/08/2014,0.019595606,-0.079492424,0.113085924,-0.228636364,-0.129784848,-0.308592424,0.231093939,0.153233333,-1.086512806,33.23333333
01/09/2014,0.246551288,-0.019729167,0.328916667,0.308625,-0.082291667,-0.328916667,0.240395833,0.177833333,-0.629515721,30.88333333
01/10/2014,0.017919423,0.044708333,0.027302083,-0.317083333,-0.021833333,-0.273020833,0.018847917,0.1816875,-0.364116489,27.05
01/11/2014,0.003323441,0.0870625,0.0208375,-0.294604167,0.017645833,-0.208375,0.013927083,0.180666667,-0.309799293,21.06666667
01/12/2014,0.01,0.104610582,0.012675397,-0.171584656,-0.013208995,-0.126753968,0.089925926,0.135507937,-0.038171156,13.96666667
01/01/2015,0.058035951,-0.056211111,0.16367333,-0.150066667,-0.081883333,-0.207,0.013872778,0.115388889,-0.480023675,12.13333333
01/02/2015,0.124177002,-0.107694444,0.253416667,-0.144972222,-0.145388889,-0.253416667,0.176055556,0.147527778,-0.124689602,17.51666667
01/03/2015,0.343040821,-0.074422619,0.229400794,0.154418651,-0.138478175,-0.229400794,0.157468254,0.158285714,0.872862179,20.68333333
01/04/2015,0.200767447,0.126,0.187916667,0.314854167,0.0429375,-0.187916667,0.129291667,0.190729167,1.559986493,29.3
01/05/2015,0.075526113,0.139958333,0.0145625,-0.285229167,0.052479167,-0.145625,0.0108,0.1916875,-1.617424826,33.53333333
01/06/2015,0.19234998,0.048638889,0.266166667,-0.214611111,-0.013444444,-0.166166667,0.124138889,0.162805555,1.221409259,33.86666667
01/07/2015,1.081694762,-0.089511905,0.316532738,0.107579762,-0.128226191,-0.165327381,0.012707143,0.12164881,1.685231293,32.15
01/08/2015,0.2984515,-0.061333333,0.330708333,0.269394444,-0.105491667,-0.330708333,0.247822222,0.17065,1.599357864,32.08333333
01/09/2015,0.463602254,-0.045729167,0.3133125,0.267375,-0.098604167,-0.3133125,0.225958333,0.160145833,1.696498782,30.53333333
01/10/2015,0.007563879,0.034229167,0.02445625,-0.344770833,-0.028208333,-0.311229167,0.0210875,0.180166667,-0.673452217,27.31666667
01/11/2015,0.01,0.10641688,0.016371325,-0.290822649,0.003385684,-0.227382479,0.015308761,0.183685897,-0.736353745,20.9
01/12/2015,0.01,0.106341071,0.016273968,-0.295188492,-0.002113095,-0.232480159,0.015413889,0.186482143,-0.23841814,15.45
01/01/2016,0.010209792,0.015386508,0.026000476,-0.243646032,-0.06824127,-0.260004762,0.01732369,0.155301587,-1.313610129,13.76666667
01/02/2016,0.041202214,0.01725,0.03283125,-0.310666667,-0.08275,-0.3283125,0.022420833,0.170770833,-1.043496737,16.93333333
01/03/2016,0.275954993,-0.014229167,0.313416667,0.327083333,-0.057083333,-0.313416667,0.207354167,0.1808125,0.595167901,22.81666667
01/04/2016,0.030630107,0.129525641,0.018621795,-0.315307692,0.039380342,-0.186217949,0.013182906,0.190495726,-0.658016465,29.63333333
01/05/2016,0.009881168,0.1425,0.015404167,-0.296291667,0.055833333,-0.154041667,0.01140625,0.1908125,-0.624504252,35.13333333
01/06/2016,0.098829043,0.018955093,0.017216667,-0.261576389,0.015289352,-0.172166667,0.013039815,0.182706019,-0.228052615,35.63333333
01/07/2016,0.085211599,0.0198125,0.025266667,-0.2720625,-0.041833333,-0.252666667,0.019152083,0.181333333,-0.757117043,34.35
01/08/2016,0.335919733,-0.109379167,0.246858333,0.1377375,-0.146541667,-0.246858333,0.18595,0.138966667,0.07076891,31.73333333
01/09/2016,0.029803476,-0.023842949,0.025814423,-0.322463675,-0.086198718,-0.34611859,0.025515278,0.179021367,-0.214141557,31.76666667
01/10/2016,0.01,0.104720833,0.023645833,-0.3341875,-0.024854167,-0.287583333,0.016539583,0.183291667,-0.215574681,28.45
01/11/2016,0.01,0.112452381,0.015484222,-0.324303571,0.031761905,-0.212555556,0.014416667,0.189555556,-0.637861579,21.83333333
01/12/2016,0.01,0.105472917,0.0184225,-0.260645833,-0.009145833,-0.206583333,0.097214583,0.1670625,-0.874613823,17.76666667
01/01/2017,0.205192077,-0.036868254,0.218292063,0.180643651,-0.085446429,-0.218292063,0.155272619,0.135800397,0.260403943,13
01/02/2017,0.027837493,-0.025144445,0.113273333,-0.302388889,-0.09785,-0.327333333,0.022436111,0.154777778,-0.10850954,17.5
01/03/2017,0.009109411,0.100372917,0.1231,-0.279833333,-0.074145833,-0.285604167,0.019341667,0.169979167,-0.441199202,22.85
01/04/2017,0.009888156,0.161291667,0.091669167,-0.327770833,0.062854167,-0.166916667,0.011910417,0.196145833,-1.3039266,31.23333333
01/05/2017,0.046967658,0.105287037,0.013993287,-0.244912037,0.022652778,-0.13993287,0.010547222,0.187798611,-0.493302969,34.65
01/06/2017,0.228880101,-0.015314286,0.169435238,-0.12932381,-0.068473016,-0.144828571,0.112060318,0.142111111,0.658610386,33.81666667
01/07/2017,0.163137006,-0.028628205,0.27935755,-0.249797721,-0.078356125,-0.27935755,0.209861823,0.178226496,0.243680545,33.78333333
01/08/2017,0.053807053,-0.059166667,0.026408333,-0.2048125,-0.108041667,-0.264083333,0.020125,0.160020833,-0.049501703,33.23333333
01/09/2017,0.200819614,-0.013365079,0.332392857,0.318821429,-0.077003968,-0.332392857,0.242178571,0.176468254,-0.314490347,31.26666667
01/10/2017,0.01,0.10425625,0.029335417,-0.335270833,-0.031833333,-0.293354167,0.020314583,0.183125,-0.262080844,28.03333333
01/11/2017,0.04738254,0.090708333,0.016633333,-0.256395833,0.0235,-0.166333333,0.011210417,0.162729167,0.434516558,19.41666667
01/12/2017,0.116334031,0.071047619,0.211293651,-0.281531746,0.008396825,-0.211293651,0.134539683,0.175428571,0.543570023,15.25
01/01/2018,0.01,0.1006125,0.024197917,-0.247291667,-0.0444375,-0.241979167,0.0162,0.156479167,-0.153358644,14.18333333
01/02/2018,0.032422497,-0.031217949,0.032690171,-0.295487179,-0.094525641,-0.32690171,0.022663675,0.167213675,-0.369074855,17.85
01/03/2018,0.021198192,0.03175,0.028116667,-0.312291667,-0.044625,-0.281166667,0.0191,0.180125,-1.155307976,24.58333333
01/04/2018,0.010682566,0.1656875,0.01605,-0.325979167,0.070833333,-0.1605,0.011479167,0.19325,-0.962148697,30.21666667
01/05/2018,0.023806862,0.136476496,0.012239637,-0.258775641,0.054909188,-0.122396367,0.092123932,0.182961538,-0.673604457,33.46666667
01/06/2018,0.187519705,0.100863095,0.128410714,-0.228541667,0.026494048,-0.128410714,0.100142857,0.17102381,0.203320031,34.96666667
01/07/2018,0.290082535,-0.008479167,0.188345833,0.1793625,-0.057358333,-0.188345833,0.145270833,0.149479167,0.47076787,33.75
01/08/2018,0.075457904,-0.027738426,0.025650926,-0.228724537,-0.081490741,-0.256509259,0.019792361,0.179349537,-0.272703403,33.51666667
01/09/2018,0.002142558,0.101677083,0.025905417,-0.2432125,-0.073195833,-0.259054167,0.018884583,0.161370833,-0.221760586,31.48333333
01/10/2018,0.002379092,0.106772917,0.024325,-0.3105625,-0.008541667,-0.24325,0.016716667,0.185270833,-0.759530857,25.93333333
01/11/2018,0.00333887,0.10341453,0.020291453,-0.305811966,0.026918803,-0.20291453,0.013693162,0.184200855,-0.933330984,21.23333333
01/12/2018,0.021644787,0.0048875,0.018551667,-0.179908333,-0.064633333,-0.185516667,0.012017083,0.157258333,-0.052403072,15.28333333
01/01/2019,0.093507708,0.01205787,0.025104167,-0.238032407,-0.06019213,-0.251041667,0.017231019,0.158196759,-0.008300507,13.18333333
01/02/2019,0.376435784,-0.114408333,0.2433,0.212899167,-0.165725,-0.2433,0.1757,0.137520833,0.818901311,14.66666667
01/03/2019,0.091406956,0.014192308,0.28001709,-0.265840456,-0.082462963,-0.280017094,0.019459972,0.177462963,-0.782356035,20.53333333
01/04/2019,0.150675815,0.091105006,0.163797924,-0.254906593,0.009984127,-0.163797924,0.11347558,0.176017094,1.21514137,29.28333333
01/05/2019,0.133287839,0.099875,0.132895833,-0.232395833,0.0214375,-0.132895833,0.109802083,0.168083333,1.087553328,32.25
01/06/2019,0.069342345,0.098729167,0.017054167,-0.269104167,0.023354167,-0.170541667,0.012947917,0.182458333,-0.827006321,35.11666667
01/07/2019,0.209131642,-0.006673611,0.207770833,0.214020833,-0.04837963,-0.207770833,0.158243056,0.167636574,0.247323986,34.55
01/08/2019,0.153399204,-0.0678,0.279658333,-0.211379167,-0.121120833,-0.279658333,0.210641667,0.1719375,-0.062615352,33.26666667
01/09/2019,0.198786073,-0.029354701,0.353021367,-0.323183761,-0.089790598,-0.353021367,0.255568376,0.175141026,0.099187142,32.83333333
01/10/2019,0.241735169,-0.015020833,0.295729167,0.31,-0.042270833,-0.295729167,0.202645833,0.174958333,0.630230508,26.76666667
01/11/2019,0.23340919,-0.018791667,0.2174375,0.237083333,-0.0373125,-0.2174375,0.143979167,0.168229167,1.129940347,20.23333333
01/12/2019,0.188955613,-0.010344444,0.132055556,0.120011111,-0.058722222,-0.132055556,0.109104444,0.115744444,1.629623872,13.01666667
01/01/2020,0.482801327,-0.072283425,0.271293956,0.319703892,-0.109218407,-0.271293956,0.175964744,0.137919872,1.873160483,12.05
01/02/2020,0.010745147,0.017617521,0.2314,-0.325179487,-0.086198718,-0.342947649,0.023796154,0.173442308,-0.920578943,17.46666667
01/03/2020,0.569639008,-0.040878968,0.291103175,0.324986905,-0.102444444,-0.291103175,0.204087301,0.164460318,1.666370392,20.66666667
01/04/2020,0.058176519,0.110083333,0.120939583,-0.3190625,0.026166667,-0.209395833,0.014477083,0.191458333,1.200870482,28.21666667
01/05/2020,0.029065357,0.097395833,0.01485625,-0.2455,0.0161875,-0.1485625,0.0108625,0.178104167,-1.260320078,32.75
01/06/2020,0.093571991,0.088208333,0.018633333,-0.274229167,0.0139375,-0.186333333,0.0141,0.185583333,-0.235161717,34.75
01/07/2020,0.181446916,0.026273148,0.239902778,-0.265539352,-0.038284722,-0.239902778,0.180564815,0.178842593,-0.100825937,34.66666667
01/08/2020,0.105393266,0.104719445,0.325694444,-0.277722222,-0.098861111,-0.325694444,0.240472222,0.165527778,-0.262866168,33.66666667
01/09/2020,0.404743547,-0.030576923,0.36817094,0.337358974,-0.090213675,-0.36817094,0.263273504,0.173764957,0.338209842,31.9
01/10/2020,0.01,0.106479167,0.020388333,-0.34425,-0.010979167,-0.280083333,0.013844167,0.184083333,-0.51275729,27.23333333
01/11/2020,0.024070506,0.076257143,0.020217381,-0.278254762,0.013695238,-0.20217381,0.013427619,0.18337619,-0.877313345,19.8
01/12/2020,0.099517002,0.013318254,0.019113056,-0.176619444,-0.05695,-0.191130556,0.012634484,0.137996825,-0.462993302,14.85
01/01/2021,0.079005661,0.044792593,0.018339259,-0.133025926,-0.085574074,-0.183392593,0.012933333,0.125531481,-0.389698299,13.07201149
01/02/2021,0.003204557,0.100252381,0.132116468,-0.232321429,-0.068686508,-0.321164682,0.022331548,0.177365079,-0.310732072,17.88336925
01/03/2021,0.092496735,-0.0101875,0.25483333,-0.244479167,-0.078958333,-0.254833333,0.017752083,0.168979167,-0.222481737,23.14288998
01/04/2021,0.022571811,0.111569444,0.15072778,-0.261952778,0.025091667,-0.150727778,0.011138333,0.176808333,-0.332493243,28.99992816
01/05/2021,0.108641683,0.077229167,0.24575,-0.222770833,0.001895833,-0.14575,0.1081875,0.174708333,0.504788222,30.51837644
01/06/2021,0.195130619,0.066277778,0.216491453,-0.282606838,-0.004235043,-0.216491453,0.161183761,0.186115385,0.582506893,32.83645833
01/07/2021,0.061756386,0.003513889,0.23675,-0.232898148,-0.061486111,-0.23675,0.01812287,0.163912963,-0.074456687,33.48293188
01/08/2021,0.07276691,0.0014375,0.29179167,-0.289895833,-0.067166667,-0.291791667,0.021797917,0.183729167,-0.58306712,32.01449565
01/09/2021,0.217931667,-0.016104167,0.291375,0.272708333,-0.069541667,-0.291375,0.2018125,0.168354167,-0.75376983,30.44931542
01/10/2021,0.114306657,0.069395833,0.258125,-0.327041667,-0.004729167,-0.258125,0.1773125,0.184208333,0.094381254,24.50458714
01/11/2021,0.002964416,0.092252137,0.01976485,-0.289362179,0.02315812,-0.197648504,0.013456197,0.185458333,0.596918562,21.17673787
01/12/2021,0.01776832,0.036428571,0.020664484,-0.243265873,-0.022819444,-0.206644841,0.014071825,0.168029762,0.722184603,15.37468699
01/01/2022,0.191934711,0.029208333,0.268083333,-0.23875,-0.078895833,-0.268083333,0.186520833,0.154770833,0.422891446,13.14083333
01/02/2022,0.013774243,0.027354167,0.25295208,-0.320979167,-0.096479167,-0.348520833,0.024366667,0.172979167,-0.026574028,17.21566667
01/03/2022,0.015768203,0.02125,0.24825,-0.268916667,-0.054166667,-0.24825,0.013664583,0.1775,-0.330606783,26.06816667
01/04/2022,0.001557223,0.159303419,0.016199573,-0.32084188,0.064653846,-0.161995726,0.082531624,0.190606838,-1.514839155,32.579
01/05/2022,0.011958259,0.134395833,0.014291667,-0.277,0.0489375,-0.142916667,0.077027083,0.1884375,-1.121431365,35.3075
01/06/2022,0.164818107,0.057208333,0.167375,-0.224270833,-0.010979167,-0.167375,0.126125,0.160166667,0.086298725,34.50016667
01/07/2022,1.215112555,-0.05425754,0.2511,0.319627659,-0.09055754,-0.2511,0.191618254,0.139593651,1.702856822,31.9895
01/08/2022,0.682219813,-0.120738889,0.297258333,-0.175136111,-0.146347222,-0.297258333,0.216666667,0.127302778,1.84293275,31.2315
01/09/2022,0.021913639,0.015299145,0.36478846,-0.348962607,-0.073404915,-0.364788462,0.025569231,0.17909829,1.55323725,30.34
01/10/2022,0.01,0.106840278,0.020618571,-0.349835318,-0.012267857,-0.282107143,0.014246746,0.189083333,0.588300484,27.54966667
01/11/2022,0.015168364,0.056333333,0.017604583,-0.3013125,-0.007729167,-0.245458333,0.011945417,0.1848125,-0.402151381,21.13066667
01/12/2022,0.025119567,0.000541667,0.020749583,-0.296958333,-0.058541667,-0.297083333,0.013815625,0.174083333,0.014388877,15.2485
01/01/2023,0.076840184,-0.003973413,0.021988516,-0.25279881,-0.107957143,-0.311905159,0.014877944,0.100225397,0.021214572,12.18516667
01/02/2023,0.01,0.010764957,0.26497521,-0.318,-0.111282051,-0.362752137,0.02482906,0.115747863,-0.639018404,19.46416667
01/03/2023,0.241196379,-0.106991667,0.276,0.308520833,-0.03975,-0.276,0.1869375,0.145375,0.425566267,23.2125
01/04/2023,0.097836158,0.058479167,0.14979167,-0.172395833,-0.045791667,-0.149791667,0.010702083,0.121479167,0.602033522,27.721
01/05/2023,0.223737462,0.056958333,0.159041667,0.1828125,-0.041791667,-0.159041667,0.1155,0.129083333,1.475353971,31.00116667
01/06/2023,0.139834246,-0.012166667,0.203774573,-0.171836538,-0.112336538,-0.203774573,0.151365385,0.102291667,1.141104437,33.60333333
01/07/2023,0.483061076,-0.147875,0.265645833,0.1491875,-0.149395833,-0.265645833,0.1980625,0.061125,-0.087047176,33.3605
01/08/2023,0.099863419,0.08063492,0.33660516,-0.269343254,-0.112656746,-0.336605159,0.025523016,0.106204365,-0.473401754,33.17566667
01/09/2023,0.062973175,0.043082265,0.33057158,-0.311508547,-0.079214744,-0.330571581,0.023494872,0.120898504,-0.307782332,32.18366667
01/10/2023,0.02732174,0.038958333,0.126377083,-0.2321875,-0.087958333,-0.263770833,0.017945833,0.085354167,-0.302901038,27.5795
01/11/2023,0.013172263,0.088625,0.01613375,-0.254604167,-0.006729167,-0.222875,0.010680833,0.1151875,-0.038806975,21.34066667
01/12/2023,0.000819622,0.00965812,0.017310342,-0.026861538,-0.102888889,-0.231534188,0.011403675,0.059888889,-0.218200967,15.8475
